{
  "accuracy": 0.5681818181818182,
  "classification_report": {
    "Minimally Processed": {
      "precision": 0.05555555555555555,
      "recall": 0.09090909090909091,
      "f1-score": 0.06896551724137931,
      "support": 11.0
    },
    "Processed": {
      "precision": 0.38235294117647056,
      "recall": 0.8125,
      "f1-score": 0.52,
      "support": 16.0
    },
    "Processed Culinary Ingredients": {
      "precision": 0.0,
      "recall": 0.0,
      "f1-score": 0.0,
      "support": 1.0
    },
    "Ultra Processed": {
      "precision": 1.0,
      "recall": 0.6,
      "f1-score": 0.75,
      "support": 60.0
    },
    "accuracy": 0.5681818181818182,
    "macro avg": {
      "precision": 0.35947712418300654,
      "recall": 0.37585227272727273,
      "f1-score": 0.33474137931034487,
      "support": 88.0
    },
    "weighted avg": {
      "precision": 0.7582813428401664,
      "recall": 0.5681818181818182,
      "f1-score": 0.6145297805642633,
      "support": 88.0
    }
  },
  "confusion_matrix": [
    [
      1,
      10,
      0,
      0
    ],
    [
      3,
      13,
      0,
      0
    ],
    [
      0,
      1,
      0,
      0
    ],
    [
      14,
      10,
      0,
      36
    ]
  ],
  "num_samples": 88
}