Nutrient,Accuracy
Energy,0.8715953307392996
Fat,0.8249027237354085
Saturated Fat,0.811284046692607
Sugar,0.8132295719844358
Added Sugar,0.7859922178988327
Sodium,0.7762645914396887
Overall Nutrient Profile,0.5778210116731517
